{
  "LogisticRegression": {
    "cv": {
      "cv_accuracy_mean": 0.4725877192982456,
      "cv_accuracy_std": 0.02496534994869772,
      "cv_f1_macro_mean": 0.4559967498011682,
      "cv_f1_macro_std": 0.022437780111685988,
      "cv_accuracy_folds": [
        0.42653508771929827,
        0.4758771929824561,
        0.49780701754385964,
        0.47149122807017546,
        0.49122807017543857
      ],
      "cv_f1_macro_folds": [
        0.4134004383332652,
        0.4581499054064939,
        0.4762438762992473,
        0.4596023797329784,
        0.4725871492338558
      ]
    },
    "holdout": {
      "accuracy": 0.4824561403508772,
      "f1_macro": 0.46247610036869585,
      "log_loss": 1.0371405153349469,
      "classification_report": {
        "A": {
          "precision": 0.48655256723716384,
          "recall": 0.49135802469135803,
          "f1-score": 0.48894348894348894,
          "support": 405.0
        },
        "D": {
          "precision": 0.2903225806451613,
          "recall": 0.34411764705882353,
          "f1-score": 0.3149394347240915,
          "support": 340.0
        },
        "H": {
          "precision": 0.6187050359712231,
          "recall": 0.5521669341894061,
          "f1-score": 0.5835453774385072,
          "support": 623.0
        },
        "accuracy": 0.4824561403508772,
        "macro avg": {
          "precision": 0.4651933946178494,
          "recall": 0.46254753531319587,
          "f1-score": 0.46247610036869585,
          "support": 1368.0
        },
        "weighted avg": {
          "precision": 0.497965427310291,
          "recall": 0.4824561403508772,
          "f1-score": 0.48877945246527343,
          "support": 1368.0
        }
      },
      "confusion_matrix": [
        [
          199,
          117,
          89
        ],
        [
          100,
          117,
          123
        ],
        [
          110,
          169,
          344
        ]
      ]
    }
  },
  "RandomForest": {
    "cv": {
      "cv_accuracy_mean": 0.5155701754385965,
      "cv_accuracy_std": 0.0194100628187358,
      "cv_f1_macro_mean": 0.4497006734275459,
      "cv_f1_macro_std": 0.021593218470148907,
      "cv_accuracy_folds": [
        0.5109649122807017,
        0.5339912280701754,
        0.5361842105263158,
        0.4824561403508772,
        0.5142543859649122
      ],
      "cv_f1_macro_folds": [
        0.44988926282426456,
        0.46510036796110127,
        0.4732723112128146,
        0.4104766623312557,
        0.44976476280829364
      ]
    },
    "holdout": {
      "accuracy": 0.5124269005847953,
      "f1_macro": 0.4346814484464825,
      "log_loss": 0.9988583196098824,
      "classification_report": {
        "A": {
          "precision": 0.49038461538461536,
          "recall": 0.5037037037037037,
          "f1-score": 0.49695493300852617,
          "support": 405.0
        },
        "D": {
          "precision": 0.23809523809523808,
          "recall": 0.11764705882352941,
          "f1-score": 0.15748031496062992,
          "support": 340.0
        },
        "H": {
          "precision": 0.5829081632653061,
          "recall": 0.7335473515248796,
          "f1-score": 0.6496090973702914,
          "support": 623.0
        },
        "accuracy": 0.5124269005847953,
        "macro avg": {
          "precision": 0.4371293389150532,
          "recall": 0.45163270468403754,
          "f1-score": 0.4346814484464825,
          "support": 1368.0
        },
        "weighted avg": {
          "precision": 0.4698172046033888,
          "recall": 0.5124269005847953,
          "f1-score": 0.482102721211081,
          "support": 1368.0
        }
      },
      "confusion_matrix": [
        [
          204,
          62,
          139
        ],
        [
          112,
          40,
          188
        ],
        [
          100,
          66,
          457
        ]
      ]
    }
  },
  "LightGBM": {
    "cv": {
      "cv_accuracy_mean": 0.4826754385964912,
      "cv_accuracy_std": 0.011403508771929829,
      "cv_f1_macro_mean": 0.4471345613695763,
      "cv_f1_macro_std": 0.011799338284082257,
      "cv_accuracy_folds": [
        0.4682017543859649,
        0.49122807017543857,
        0.5,
        0.4758771929824561,
        0.4780701754385965
      ],
      "cv_f1_macro_folds": [
        0.4274179772687236,
        0.4524467045986042,
        0.46376688256038606,
        0.4458730883879358,
        0.4461681540322317
      ]
    },
    "holdout": {
      "accuracy": 0.4853801169590643,
      "f1_macro": 0.45137944736565805,
      "log_loss": 1.0292950067329765,
      "classification_report": {
        "A": {
          "precision": 0.4638009049773756,
          "recall": 0.5061728395061729,
          "f1-score": 0.48406139315230223,
          "support": 405.0
        },
        "D": {
          "precision": 0.27848101265822783,
          "recall": 0.25882352941176473,
          "f1-score": 0.2682926829268293,
          "support": 340.0
        },
        "H": {
          "precision": 0.6081967213114754,
          "recall": 0.5955056179775281,
          "f1-score": 0.6017842660178426,
          "support": 623.0
        },
        "accuracy": 0.4853801169590643,
        "macro avg": {
          "precision": 0.45015954631569294,
          "recall": 0.4535006622984885,
          "f1-score": 0.45137944736565805,
          "support": 1368.0
        },
        "weighted avg": {
          "precision": 0.48350107324318986,
          "recall": 0.4853801169590643,
          "f1-score": 0.4840467647302049,
          "support": 1368.0
        }
      },
      "confusion_matrix": [
        [
          205,
          99,
          101
        ],
        [
          114,
          88,
          138
        ],
        [
          123,
          129,
          371
        ]
      ]
    }
  },
  "SVM": {
    "cv": {
      "cv_accuracy_mean": 0.4706140350877194,
      "cv_accuracy_std": 0.007796661769575083,
      "cv_f1_macro_mean": 0.4505301599194758,
      "cv_f1_macro_std": 0.007138690078359766,
      "cv_accuracy_folds": [
        0.45723684210526316,
        0.48135964912280704,
        0.4692982456140351,
        0.4725877192982456,
        0.4725877192982456
      ],
      "cv_f1_macro_folds": [
        0.4400377845916125,
        0.4580748992591743,
        0.4441927052752286,
        0.4566763114101287,
        0.4536690990612349
      ]
    },
    "holdout": {
      "accuracy": 0.4678362573099415,
      "f1_macro": 0.4466583930747103,
      "log_loss": 0.9913234406899655,
      "classification_report": {
        "A": {
          "precision": 0.44835164835164837,
          "recall": 0.5037037037037037,
          "f1-score": 0.4744186046511628,
          "support": 405.0
        },
        "D": {
          "precision": 0.26785714285714285,
          "recall": 0.3088235294117647,
          "f1-score": 0.28688524590163933,
          "support": 340.0
        },
        "H": {
          "precision": 0.6353166986564299,
          "recall": 0.5313001605136437,
          "f1-score": 0.5786713286713286,
          "support": 623.0
        },
        "accuracy": 0.4678362573099415,
        "macro avg": {
          "precision": 0.45050849662174036,
          "recall": 0.4479424645430374,
          "f1-score": 0.4466583930747103,
          "support": 1368.0
        },
        "weighted avg": {
          "precision": 0.4886375361233932,
          "recall": 0.4678362573099415,
          "f1-score": 0.4752871025237691,
          "support": 1368.0
        }
      },
      "confusion_matrix": [
        [
          204,
          124,
          77
        ],
        [
          122,
          105,
          113
        ],
        [
          129,
          163,
          331
        ]
      ]
    }
  },
  "MLP (PyTorch)": {
    "cv": {
      "cv_accuracy_mean": 0.4942982456140351,
      "cv_accuracy_std": 0.011487544608516503,
      "cv_f1_macro_mean": 0.4637802449803409,
      "cv_f1_macro_std": 0.00836450229544066,